[
        {
            
            "FolioGEPP":"37677",
            "FechaGeneracion":"2022-01-12T09:38:14",
            "UsoCFDI": "03-Gastos","DocumentosGEPP":{"DocsGEPP":["T2700027259_M"]}},{"CartaPorte":{
            "Version":"2.0",
            "TranspInternac":"No",
            "TotalDistRec":530,"Ubicaciones":{
            "Ubicacion":[
        {
            "TipoUbicacion":"Origen",
            "IDUbicacion":"OR507501"
            
            ,"RFCRemitenteDestinatario":"BPU7901018D4"
            ,"FechaHoraSalidaLlegada":"2022-01-12T09:48:14"
            ,"Domicilio":{
            "Estado":"NLE","Pais":"MEX","CodigoPostal":"66603"}
        },{
            "TipoUbicacion":"Destino",
            "IDUbicacion":"DE511401"
            
            ,"RFCRemitenteDestinatario":"XAXX010101000","FechaHoraSalidaLlegada":"2022-01-13T03:28:04"
            ,"DistanciaRecorrida": 530
            ,"Domicilio":{
            "Estado":"TAM","Pais":"MEX","CodigoPostal":"89600"}
        }
            ]
        },"Mercancias":{
            "PesoBrutoTotal": "8835.564",
            "UnidadPeso": "KGM",
            "PesoNetoTotal": "8835.564",
            "NumTotalMercancias":3,
            "Mercancia":[{
            "BienesTransp":"24112701",
            "Descripcion":"Pallets de madera",
            "Cantidad":"12",
            "ClaveUnidad":"XUN",
            "Unidad":"Unidad",
            "PesoEnKg":"276"
            
            
            
        },{
            "BienesTransp":"14101500",
            "Descripcion":"Materias primas",
            "Cantidad":"4000",
            "ClaveUnidad":"KGM",
            "Unidad":"Kilogramo",
            "PesoEnKg":"4000"
            
            
            
        },{
            "BienesTransp":"14101500",
            "Descripcion":"Materias primas",
            "Cantidad":"102540",
            "ClaveUnidad":"XUN",
            "Unidad":"Unidad",
            "PesoEnKg":"4559.564"
            
            
            
        }]}
            }
        }]