[
        {
            
            "FolioGEPP":"62354",
            "FechaGeneracion":"2022-01-29T10:46:32",
            "UsoCFDI": "03-Gastos","DocumentosGEPP":{"DocsGEPP":["64100089815_M"]},"UbicacionesGEPP":["DE:S79:PLANTA MORELIA BEPUSA","OR:641:PROPLASA BODEGA CENTRAL"]},{"CartaPorte":{
            "Version":"2.0",
            "TranspInternac":"No",
            "TotalDistRec":283,"Ubicaciones":{
            "Ubicacion":[
        {
            "TipoUbicacion":"Origen",
            "IDUbicacion":"OR021903"
            
            ,"RFCRemitenteDestinatario":"BPU7901018D4"
            ,"FechaHoraSalidaLlegada":"2022-01-29T10:56:31"
            ,"Domicilio":{
            "Estado":"MEX","Pais":"MEX","CodigoPostal":"54918"}
        },{
            "TipoUbicacion":"Destino",
            "IDUbicacion":"DE308901"
            
            ,"RFCRemitenteDestinatario":"XAXX010101000","FechaHoraSalidaLlegada":"2022-01-29T14:46:55"
            ,"DistanciaRecorrida": 283
            ,"Domicilio":{
            "Estado":"MIC","Pais":"MEX","CodigoPostal":"58190"}
        }
            ]
        },"Mercancias":{
            "PesoBrutoTotal": "15181.224",
            "UnidadPeso": "KGM",
            "PesoNetoTotal": "15181.224",
            "NumTotalMercancias":3,
            "Mercancia":[{
            "BienesTransp":"24112701",
            "Descripcion":"Pallets de madera",
            "Cantidad":"46",
            "ClaveUnidad":"XUN",
            "Unidad":"Unidad"
            ,"PesoEnKg":"1058"
            
            
            
            
        },{
            "BienesTransp":"14101500",
            "Descripcion":"Materias primas",
            "Cantidad":"1799708",
            "ClaveUnidad":"XUN",
            "Unidad":"Unidad"
            ,"PesoEnKg":"5954.224"
            
            
            
            
        },{
            "BienesTransp":"14101500",
            "Descripcion":"Materias primas",
            "Cantidad":"8169",
            "ClaveUnidad":"KGM",
            "Unidad":"Kilogramo"
            ,"PesoEnKg":"8169"
            
            
            
            
        }]}
            }
        }]