[
        {
            
            "FolioGEPP":"47204",
            "FechaGeneracion":"2022-01-18T15:07:06",
            "UsoCFDI": "03-Gastos","DocumentosGEPP":{"DocsGEPP":["S8800002481_M"]}},{"CartaPorte":{
            "Version":"2.0",
            "TranspInternac":"No",
            "TotalDistRec":382,"Ubicaciones":{
            "Ubicacion":[
        {
            "TipoUbicacion":"Origen",
            "IDUbicacion":"OR311501"
            
            ,"RFCRemitenteDestinatario":"BPU7901018D4"
            ,"FechaHoraSalidaLlegada":"2022-01-18T15:17:06"
            ,"Domicilio":{
            "Estado":"MIC","Pais":"MEX","CodigoPostal":"60170"}
        },{
            "TipoUbicacion":"Destino",
            "IDUbicacion":"DE021902"
            
            ,"RFCRemitenteDestinatario":"XAXX010101000","FechaHoraSalidaLlegada":"2022-01-18T20:17:03"
            ,"DistanciaRecorrida": 382
            ,"Domicilio":{
            "Estado":"MEX","Pais":"MEX","CodigoPostal":"54918"}
        }
            ]
        },"Mercancias":{
            "PesoBrutoTotal": "5821.11",
            "UnidadPeso": "KGM",
            "PesoNetoTotal": "5821.11",
            "NumTotalMercancias":2,
            "Mercancia":[{
            "BienesTransp":"14101500",
            "Descripcion":"Materias primas",
            "Cantidad":"1100",
            "ClaveUnidad":"XUN",
            "Unidad":"Unidad",
            "PesoEnKg":"5453.11"
            
            
            
        },{
            "BienesTransp":"24112701",
            "Descripcion":"Pallets de madera",
            "Cantidad":"16",
            "ClaveUnidad":"XUN",
            "Unidad":"Unidad",
            "PesoEnKg":"368"
            
            
            
        }]}
            }
        }]