[
        {
            
            "FolioGEPP":"28736",
            "FechaGeneracion":"2022-01-07T10:31:57",
            "UsoCFDI": "03-Gastos","DocumentosGEPP":{"DocsGEPP":["64100088920_M"]}},{"CartaPorte":{
            "Version":"2.0",
            "TranspInternac":"No",
            "TotalDistRec":283,"Ubicaciones":{
            "Ubicacion":[
        {
            "TipoUbicacion":"Origen",
            "IDUbicacion":"OR021903"
            
            ,"RFCRemitenteDestinatario":"BPU7901018D4"
            ,"FechaHoraSalidaLlegada":"2022-01-07T10:41:57"
            ,"Domicilio":{
            "Estado":"MEX","Pais":"MEX","CodigoPostal":"54918"}
        },{
            "TipoUbicacion":"Destino",
            "IDUbicacion":"DE308901"
            
            ,"RFCRemitenteDestinatario":"XAXX010101000","FechaHoraSalidaLlegada":"2022-01-07T14:32:21"
            ,"DistanciaRecorrida": 283
            ,"Domicilio":{
            "Estado":"MIC","Pais":"MEX","CodigoPostal":"58195"}
        }
            ]
        },"Mercancias":{
            "PesoBrutoTotal": "18276.914",
            "UnidadPeso": "KGM",
            "PesoNetoTotal": "18276.914",
            "NumTotalMercancias":2,
            "Mercancia":[{
            "BienesTransp":"24112701",
            "Descripcion":"Pallets de madera",
            "Cantidad":"56",
            "ClaveUnidad":"XUN",
            "Unidad":"Unidad",
            "PesoEnKg":"1288"
            
            
            
        },{
            "BienesTransp":"14101500",
            "Descripcion":"Materias primas",
            "Cantidad":"1137408",
            "ClaveUnidad":"XUN",
            "Unidad":"Unidad",
            "PesoEnKg":"16988.914"
            
            
            
        }]}
            }
        }]