[
        {
            
            "FolioGEPP":"38281",
            "FechaGeneracion":"2022-01-13T11:01:53",
            "UsoCFDI": "03-Gastos","DocumentosGEPP":{"DocsGEPP":["S7600006121_M"]}},{"CartaPorte":{
            "Version":"2.0",
            "TranspInternac":"No",
            "TotalDistRec":143,"Ubicaciones":{
            "Ubicacion":[
        {
            "TipoUbicacion":"Origen",
            "IDUbicacion":"OR310401"
            
            ,"RFCRemitenteDestinatario":"BPU7901018D4"
            ,"FechaHoraSalidaLlegada":"2022-01-13T11:11:53"
            ,"Domicilio":{
            "Estado":"GUA","Pais":"MEX","CodigoPostal":"38020"}
        },{
            "TipoUbicacion":"Destino",
            "IDUbicacion":"DE308901"
            
            ,"RFCRemitenteDestinatario":"XAXX010101000","FechaHoraSalidaLlegada":"2022-01-13T15:58:27"
            ,"DistanciaRecorrida": 143
            ,"Domicilio":{
            "Estado":"MIC","Pais":"MEX","CodigoPostal":"58190"}
        }
            ]
        },"Mercancias":{
            "PesoBrutoTotal": "1469.266",
            "UnidadPeso": "KGM",
            "PesoNetoTotal": "1469.266",
            "NumTotalMercancias":2,
            "Mercancia":[{
            "BienesTransp":"14101500",
            "Descripcion":"Materias primas",
            "Cantidad":"1018928",
            "ClaveUnidad":"XUN",
            "Unidad":"Unidad",
            "PesoEnKg":"1377.266"
            
            
            
        },{
            "BienesTransp":"24112701",
            "Descripcion":"Pallets de madera",
            "Cantidad":"4",
            "ClaveUnidad":"XUN",
            "Unidad":"Unidad",
            "PesoEnKg":"92"
            
            
            
        }]}
            }
        }]