[
        {
            "OC":"298602",
            "FolioGEPP":"99076",
            "FechaGeneracion":"2022-02-26T09:46:53",
            "UsoCFDI": "03-Gastos","DocumentosGEPP":{"DocsGEPP":["T2100005603_M"]},"UbicacionesGEPP":["DE:T27:PLANTA APODACA BEPUSA","OR:T21:PLANTA IZTACALCO BEPUSA"]},{"CartaPorte":{
            "Version":"2.0",
            "TranspInternac":"No",
            "TotalDistRec":932,"Ubicaciones":{
            "Ubicacion":[
        {
            "TipoUbicacion":"Origen",
            "IDUbicacion":"OR107401"
            
            ,"RFCRemitenteDestinatario":"BPU7901018D4"
            ,"FechaHoraSalidaLlegada":"2022-02-26T09:56:53"
            ,"Domicilio":{
            "Estado":"DIF","Pais":"MEX","CodigoPostal":"08800"}
        },{
            "TipoUbicacion":"Destino",
            "IDUbicacion":"DE507501"
            
            ,"RFCRemitenteDestinatario":"XAXX010101000","FechaHoraSalidaLlegada":"2022-02-27T17:00:15"
            ,"DistanciaRecorrida": 932
            ,"Domicilio":{
            "Estado":"NLE","Pais":"MEX","CodigoPostal":"66603"}
        }
            ]
        },"Mercancias":{
            "PesoBrutoTotal": "12656.092",
            "UnidadPeso": "KGM",
            "PesoNetoTotal": "12656.092",
            "NumTotalMercancias":3,
            "Mercancia":[{
            "BienesTransp":"24112701",
            "Descripcion":"Pallets de madera",
            "Cantidad":"36",
            "ClaveUnidad":"XUN",
            "Unidad":"Unidad"
            ,"PesoEnKg":"828"
            
            
            
            
        },{
            "BienesTransp":"31141701",
            "Descripcion":"Moldeados plásticos por inyección de aire",
            "Cantidad":"173280",
            "ClaveUnidad":"XUN",
            "Unidad":"Unidad"
            ,"PesoEnKg":"6238.08"
            
            
            
            
        },{
            "BienesTransp":"14101500",
            "Descripcion":"Materias primas",
            "Cantidad":"132228",
            "ClaveUnidad":"XUN",
            "Unidad":"Unidad"
            ,"PesoEnKg":"5590.012"
            
            
            
            
        }]}
            }
        }]