[
        {
            
            "FolioGEPP":"43757",
            "FechaGeneracion":"2022-01-15T17:41:01",
            "UsoCFDI": "03-Gastos","DocumentosGEPP":{"DocsGEPP":["64100089336_M"]}},{"CartaPorte":{
            "Version":"2.0",
            "TranspInternac":"No",
            "TotalDistRec":283,"Ubicaciones":{
            "Ubicacion":[
        {
            "TipoUbicacion":"Origen",
            "IDUbicacion":"OR021903"
            
            ,"RFCRemitenteDestinatario":"BPU7901018D4"
            ,"FechaHoraSalidaLlegada":"2022-01-15T17:51:00"
            ,"Domicilio":{
            "Estado":"MEX","Pais":"MEX","CodigoPostal":"54918"}
        },{
            "TipoUbicacion":"Destino",
            "IDUbicacion":"DE308901"
            
            ,"RFCRemitenteDestinatario":"XAXX010101000","FechaHoraSalidaLlegada":"2022-01-15T21:41:24"
            ,"DistanciaRecorrida": 283
            ,"Domicilio":{
            "Estado":"MIC","Pais":"MEX","CodigoPostal":"58190"}
        }
            ]
        },"Mercancias":{
            "PesoBrutoTotal": "18896.77",
            "UnidadPeso": "KGM",
            "PesoNetoTotal": "18896.77",
            "NumTotalMercancias":2,
            "Mercancia":[{
            "BienesTransp":"24112701",
            "Descripcion":"Pallets de madera",
            "Cantidad":"56",
            "ClaveUnidad":"XUN",
            "Unidad":"Unidad",
            "PesoEnKg":"1288"
            
            
            
        },{
            "BienesTransp":"14101500",
            "Descripcion":"Materias primas",
            "Cantidad":"437432",
            "ClaveUnidad":"XUN",
            "Unidad":"Unidad",
            "PesoEnKg":"17608.77"
            
            
            
        }]}
            }
        }]