[
        {
            
            "FolioGEPP":"28737",
            "FechaGeneracion":"2022-01-06T12:46:24",
            "UsoCFDI": "03-Gastos","DocumentosGEPP":{"DocsGEPP":["64100088953_M"]}},{"CartaPorte":{
            "Version":"2.0",
            "TranspInternac":"No",
            "TotalDistRec":283,"Ubicaciones":{
            "Ubicacion":[
        {
            "TipoUbicacion":"Origen",
            "IDUbicacion":"OR021903"
            
            ,"RFCRemitenteDestinatario":"BPU7901018D4"
            ,"FechaHoraSalidaLlegada":"2022-01-06T12:56:23"
            ,"Domicilio":{
            "Estado":"MEX","Pais":"MEX","CodigoPostal":"54918"}
        },{
            "TipoUbicacion":"Destino",
            "IDUbicacion":"DE308901"
            
            ,"RFCRemitenteDestinatario":"XAXX010101000","FechaHoraSalidaLlegada":"2022-01-06T16:46:47"
            ,"DistanciaRecorrida": 283
            ,"Domicilio":{
            "Estado":"MIC","Pais":"MEX","CodigoPostal":"58195"}
        }
            ]
        },"Mercancias":{
            "PesoBrutoTotal": "18336.265",
            "UnidadPeso": "KGM",
            "PesoNetoTotal": "18336.265",
            "NumTotalMercancias":2,
            "Mercancia":[{
            "BienesTransp":"24112701",
            "Descripcion":"Pallets de madera",
            "Cantidad":"56",
            "ClaveUnidad":"XUN",
            "Unidad":"Unidad",
            "PesoEnKg":"1288"
            
            
            
        },{
            "BienesTransp":"14101500",
            "Descripcion":"Materias primas",
            "Cantidad":"625016",
            "ClaveUnidad":"XUN",
            "Unidad":"Unidad",
            "PesoEnKg":"17048.265"
            
            
            
        }]}
            }
        }]