[
        {
            
            "FolioGEPP":"50475",
            "FechaGeneracion":"2022-01-20T14:23:46",
            "UsoCFDI": "03-Gastos","DocumentosGEPP":{"DocsGEPP":["64100089455_M"]}},{"CartaPorte":{
            "Version":"2.0",
            "TranspInternac":"No",
            "TotalDistRec":283,"Ubicaciones":{
            "Ubicacion":[
        {
            "TipoUbicacion":"Origen",
            "IDUbicacion":"OR021903"
            
            ,"RFCRemitenteDestinatario":"BPU7901018D4"
            ,"FechaHoraSalidaLlegada":"2022-01-20T14:33:46"
            ,"Domicilio":{
            "Estado":"MEX","Pais":"MEX","CodigoPostal":"54918"}
        },{
            "TipoUbicacion":"Destino",
            "IDUbicacion":"DE308901"
            
            ,"RFCRemitenteDestinatario":"XAXX010101000","FechaHoraSalidaLlegada":"2022-01-20T18:24:10"
            ,"DistanciaRecorrida": 283
            ,"Domicilio":{
            "Estado":"MIC","Pais":"MEX","CodigoPostal":"58190"}
        }
            ]
        },"Mercancias":{
            "PesoBrutoTotal": "16068",
            "UnidadPeso": "KGM",
            "PesoNetoTotal": "16068",
            "NumTotalMercancias":2,
            "Mercancia":[{
            "BienesTransp":"14101500",
            "Descripcion":"Materias primas",
            "Cantidad":"15608",
            "ClaveUnidad":"KGM",
            "Unidad":"Kilogramo",
            "PesoEnKg":"15608"
            
            
            
        },{
            "BienesTransp":"24112701",
            "Descripcion":"Pallets de madera",
            "Cantidad":"20",
            "ClaveUnidad":"XUN",
            "Unidad":"Unidad",
            "PesoEnKg":"460"
            
            
            
        }]}
            }
        }]