[
        {
            
            "FolioGEPP":"44111",
            "FechaGeneracion":"2022-01-15T23:40:34",
            "UsoCFDI": "03-Gastos","DocumentosGEPP":{"DocsGEPP":["64100089341_M"]}},{"CartaPorte":{
            "Version":"2.0",
            "TranspInternac":"No",
            "TotalDistRec":283,"Ubicaciones":{
            "Ubicacion":[
        {
            "TipoUbicacion":"Origen",
            "IDUbicacion":"OR021903"
            
            ,"RFCRemitenteDestinatario":"BPU7901018D4"
            ,"FechaHoraSalidaLlegada":"2022-01-15T23:50:34"
            ,"Domicilio":{
            "Estado":"MEX","Pais":"MEX","CodigoPostal":"54918"}
        },{
            "TipoUbicacion":"Destino",
            "IDUbicacion":"DE308901"
            
            ,"RFCRemitenteDestinatario":"XAXX010101000","FechaHoraSalidaLlegada":"2022-01-16T03:40:58"
            ,"DistanciaRecorrida": 283
            ,"Domicilio":{
            "Estado":"MIC","Pais":"MEX","CodigoPostal":"58190"}
        }
            ]
        },"Mercancias":{
            "PesoBrutoTotal": "14501.833",
            "UnidadPeso": "KGM",
            "PesoNetoTotal": "14501.833",
            "NumTotalMercancias":2,
            "Mercancia":[{
            "BienesTransp":"14101500",
            "Descripcion":"Materias primas",
            "Cantidad":"426104",
            "ClaveUnidad":"XUN",
            "Unidad":"Unidad",
            "PesoEnKg":"13213.833"
            
            
            
        },{
            "BienesTransp":"24112701",
            "Descripcion":"Pallets de madera",
            "Cantidad":"56",
            "ClaveUnidad":"XUN",
            "Unidad":"Unidad",
            "PesoEnKg":"1288"
            
            
            
        }]}
            }
        }]