[
        {
            
            "FolioGEPP":"66513",
            "FechaGeneracion":"2022-02-02T09:46:54",
            "UsoCFDI": "03-Gastos","DocumentosGEPP":{"DocsGEPP":["64100089917_M"]},"UbicacionesGEPP":["DE:S79:PLANTA MORELIA BEPUSA","OR:641:PROPLASA BODEGA CENTRAL"]},{"CartaPorte":{
            "Version":"2.0",
            "TranspInternac":"No",
            "TotalDistRec":283,"Ubicaciones":{
            "Ubicacion":[
        {
            "TipoUbicacion":"Origen",
            "IDUbicacion":"OR021903"
            
            ,"RFCRemitenteDestinatario":"BPU7901018D4"
            ,"FechaHoraSalidaLlegada":"2022-02-02T09:56:54"
            ,"Domicilio":{
            "Estado":"MEX","Pais":"MEX","CodigoPostal":"54918"}
        },{
            "TipoUbicacion":"Destino",
            "IDUbicacion":"DE308901"
            
            ,"RFCRemitenteDestinatario":"XAXX010101000","FechaHoraSalidaLlegada":"2022-02-02T13:47:18"
            ,"DistanciaRecorrida": 283
            ,"Domicilio":{
            "Estado":"MIC","Pais":"MEX","CodigoPostal":"58190"}
        }
            ]
        },"Mercancias":{
            "PesoBrutoTotal": "18050.292",
            "UnidadPeso": "KGM",
            "PesoNetoTotal": "18050.292",
            "NumTotalMercancias":2,
            "Mercancia":[{
            "BienesTransp":"14101500",
            "Descripcion":"Materias primas",
            "Cantidad":"1975048",
            "ClaveUnidad":"XUN",
            "Unidad":"Unidad"
            ,"PesoEnKg":"16762.292"
            
            
            
            
        },{
            "BienesTransp":"24112701",
            "Descripcion":"Pallets de madera",
            "Cantidad":"56",
            "ClaveUnidad":"XUN",
            "Unidad":"Unidad"
            ,"PesoEnKg":"1288"
            
            
            
            
        }]}
            }
        }]