[
        {
            
            "FolioGEPP":"34692",
            "FechaGeneracion":"2022-01-10T14:04:51",
            "UsoCFDI": "03-Gastos","DocumentosGEPP":{"DocsGEPP":["S7900007356_M"]}},{"CartaPorte":{
            "Version":"2.0",
            "TranspInternac":"No",
            "TotalDistRec":335.5,"Ubicaciones":{
            "Ubicacion":[
        {
            "TipoUbicacion":"Origen",
            "IDUbicacion":"OR308901"
            
            ,"RFCRemitenteDestinatario":"BPU7901018D4"
            ,"FechaHoraSalidaLlegada":"2022-01-10T14:14:51"
            ,"Domicilio":{
            "Estado":"MIC","Pais":"MEX","CodigoPostal":"58195"}
        },{
            "TipoUbicacion":"Destino",
            "IDUbicacion":"DE506701"
            
            ,"RFCRemitenteDestinatario":"XAXX010101000","FechaHoraSalidaLlegada":"2022-01-11T01:25:53"
            ,"DistanciaRecorrida": 335.5
            ,"Domicilio":{
            "Estado":"SLP","Pais":"MEX","CodigoPostal":"78395"}
        }
            ]
        },"Mercancias":{
            "PesoBrutoTotal": "35.01",
            "UnidadPeso": "KGM",
            "PesoNetoTotal": "35.01",
            "NumTotalMercancias":1,
            "Mercancia":[{
            "BienesTransp":"14101500",
            "Descripcion":"Materias primas",
            "Cantidad":"90900",
            "ClaveUnidad":"XUN",
            "Unidad":"Unidad",
            "PesoEnKg":"35.01"
            
            
            
        }]}
            }
        }]