[
        {
            
            "FolioGEPP":"80238",
            "FechaGeneracion":"2022-02-12T08:38:10",
            "UsoCFDI": "03-Gastos","DocumentosGEPP":{"DocsGEPP":["S7900007531_M"]},"UbicacionesGEPP":["DE:Z91:BODEGA PROPLASA BEPUSA","OR:S79:PLANTA MORELIA BEPUSA"]},{"CartaPorte":{
            "Version":"2.0",
            "TranspInternac":"No",
            "TotalDistRec":283,"Ubicaciones":{
            "Ubicacion":[
        {
            "TipoUbicacion":"Origen",
            "IDUbicacion":"OR308901"
            
            ,"RFCRemitenteDestinatario":"BPU7901018D4"
            ,"FechaHoraSalidaLlegada":"2022-02-12T08:48:10"
            ,"Domicilio":{
            "Estado":"MIC","Pais":"MEX","CodigoPostal":"58190"}
        },{
            "TipoUbicacion":"Destino",
            "IDUbicacion":"DE021902"
            
            ,"RFCRemitenteDestinatario":"XAXX010101000","FechaHoraSalidaLlegada":"2022-02-12T12:35:07"
            ,"DistanciaRecorrida": 283
            ,"Domicilio":{
            "Estado":"MEX","Pais":"MEX","CodigoPostal":"54918"}
        }
            ]
        },"Mercancias":{
            "PesoBrutoTotal": "6877.48",
            "UnidadPeso": "KGM",
            "PesoNetoTotal": "6877.48",
            "NumTotalMercancias":1,
            "Mercancia":[{
            "BienesTransp":"14101500",
            "Descripcion":"Materias primas",
            "Cantidad":"680",
            "ClaveUnidad":"XUN",
            "Unidad":"Unidad"
            ,"PesoEnKg":"6877.48"
            
            
            
            
        }]}
            }
        }]