[
        {
            
            "FolioGEPP":"77239",
            "FechaGeneracion":"2022-02-10T09:51:29",
            "UsoCFDI": "03-Gastos","DocumentosGEPP":{"DocsGEPP":["T2700028994_M"]},"UbicacionesGEPP":["DE:T21:PLANTA IZTACALCO BEPUSA","OR:T27:PLANTA APODACA BEPUSA"]},{"CartaPorte":{
            "Version":"2.0",
            "TranspInternac":"No",
            "TotalDistRec":938,"Ubicaciones":{
            "Ubicacion":[
        {
            "TipoUbicacion":"Origen",
            "IDUbicacion":"OR507501"
            
            ,"RFCRemitenteDestinatario":"BPU7901018D4"
            ,"FechaHoraSalidaLlegada":"2022-02-10T10:01:29"
            ,"Domicilio":{
            "Estado":"NLE","Pais":"MEX","CodigoPostal":"66603"}
        },{
            "TipoUbicacion":"Destino",
            "IDUbicacion":"DE107401"
            
            ,"RFCRemitenteDestinatario":"XAXX010101000","FechaHoraSalidaLlegada":"2022-02-11T17:17:48"
            ,"DistanciaRecorrida": 938
            ,"Domicilio":{
            "Estado":"DIF","Pais":"MEX","CodigoPostal":"08800"}
        }
            ]
        },"Mercancias":{
            "PesoBrutoTotal": "63",
            "UnidadPeso": "KGM",
            "PesoNetoTotal": "63",
            "NumTotalMercancias":1,
            "Mercancia":[{
            "BienesTransp":"14101500",
            "Descripcion":"Materias primas",
            "Cantidad":"18",
            "ClaveUnidad":"XUN",
            "Unidad":"Unidad"
            ,"PesoEnKg":"63"
            
            
            
            
        }]}
            }
        }]