[
        {
            "OC":"285141",
            "FolioGEPP":"85544",
            "FechaGeneracion":"2022-02-16T16:54:13",
            "UsoCFDI": "03-Gastos","DocumentosGEPP":{"DocsGEPP":["T3600001384_M"]},"UbicacionesGEPP":["DE:S67:PLANTA GUADALAJARA GATORADE BEPUSA","OR:T36:PLANTA IZCALLI GATORADE BEPUSA"]},{"CartaPorte":{
            "Version":"2.0",
            "TranspInternac":"No",
            "TotalDistRec":498,"Ubicaciones":{
            "Ubicacion":[
        {
            "TipoUbicacion":"Origen",
            "IDUbicacion":"OR105601"
            
            ,"RFCRemitenteDestinatario":"BPU7901018D4"
            ,"FechaHoraSalidaLlegada":"2022-02-16T17:04:13"
            ,"Domicilio":{
            "Estado":"MEX","Pais":"MEX","CodigoPostal":"54730"}
        },{
            "TipoUbicacion":"Destino",
            "IDUbicacion":"DE306401"
            
            ,"RFCRemitenteDestinatario":"XAXX010101000","FechaHoraSalidaLlegada":"2022-02-17T09:40:42"
            ,"DistanciaRecorrida": 498
            ,"Domicilio":{
            "Estado":"JAL","Pais":"MEX","CodigoPostal":"45850"}
        }
            ]
        },"Mercancias":{
            "PesoBrutoTotal": "205.704",
            "UnidadPeso": "KGM",
            "PesoNetoTotal": "205.704",
            "NumTotalMercancias":1,
            "Mercancia":[{
            "BienesTransp":"14101500",
            "Descripcion":"Materias primas",
            "Cantidad":"205704",
            "ClaveUnidad":"XUN",
            "Unidad":"Unidad"
            ,"PesoEnKg":"205.704"
            
            
            
            
        }]}
            }
        }]