[
        {
            
            "FolioGEPP":"27336",
            "FechaGeneracion":"2022-01-05T16:42:55",
            "UsoCFDI": "03-Gastos","DocumentosGEPP":{"DocsGEPP":["T3600001265_M"]}},{"CartaPorte":{
            "Version":"2.0",
            "TranspInternac":"No",
            "TotalDistRec":498,"Ubicaciones":{
            "Ubicacion":[
        {
            "TipoUbicacion":"Origen",
            "IDUbicacion":"OR105601"
            
            ,"RFCRemitenteDestinatario":"BPU7901018D4"
            ,"FechaHoraSalidaLlegada":"2022-01-05T16:52:55"
            ,"Domicilio":{
            "Estado":"MEX","Pais":"MEX","CodigoPostal":"54730"}
        },{
            "TipoUbicacion":"Destino",
            "IDUbicacion":"DE306401"
            
            ,"RFCRemitenteDestinatario":"XAXX010101000","FechaHoraSalidaLlegada":"2022-01-06T09:29:24"
            ,"DistanciaRecorrida": 498
            ,"Domicilio":{
            "Estado":"JAL","Pais":"MEX","CodigoPostal":"45850"}
        }
            ]
        },"Mercancias":{
            "PesoBrutoTotal": "910.116",
            "UnidadPeso": "KGM",
            "PesoNetoTotal": "910.116",
            "NumTotalMercancias":1,
            "Mercancia":[{
            "BienesTransp":"14101500",
            "Descripcion":"Materias primas",
            "Cantidad":"878712",
            "ClaveUnidad":"XUN",
            "Unidad":"Unidad",
            "PesoEnKg":"910.116"
            
            
            
        }]}
            }
        }]