[
        {
            
            "FolioGEPP":"33066",
            "FechaGeneracion":"2022-01-08T21:22:52",
            "UsoCFDI": "03-Gastos","DocumentosGEPP":{"DocsGEPP":["R8300005220_M"]}},{"CartaPorte":{
            "Version":"2.0",
            "TranspInternac":"No",
            "TotalDistRec":268,"Ubicaciones":{
            "Ubicacion":[
        {
            "TipoUbicacion":"Origen",
            "IDUbicacion":"OR208101"
            
            ,"RFCRemitenteDestinatario":"BPU7901018D4"
            ,"FechaHoraSalidaLlegada":"2022-01-08T21:32:52"
            ,"Domicilio":{
            "Estado":"OAX","Pais":"MEX","CodigoPostal":"68039"}
        },{
            "TipoUbicacion":"Destino",
            "IDUbicacion":"DE409801"
            
            ,"RFCRemitenteDestinatario":"XAXX010101000","FechaHoraSalidaLlegada":"2022-01-09T06:28:33"
            ,"DistanciaRecorrida": 268
            ,"Domicilio":{
            "Estado":"VER","Pais":"MEX","CodigoPostal":"96729"}
        }
            ]
        },"Mercancias":{
            "PesoBrutoTotal": "21503.555",
            "UnidadPeso": "KGM",
            "PesoNetoTotal": "21503.555",
            "NumTotalMercancias":4,
            "Mercancia":[{
            "BienesTransp":"14101500",
            "Descripcion":"Materias primas",
            "Cantidad":"54",
            "ClaveUnidad":"XUN",
            "Unidad":"Unidad",
            "PesoEnKg":"909.56"
            
            
            
        },{
            "BienesTransp":"31141701",
            "Descripcion":"Moldeados plásticos por inyección de aire",
            "Cantidad":"336960",
            "ClaveUnidad":"XUN",
            "Unidad":"Unidad",
            "PesoEnKg":"18488.995"
            
            
            
        },{
            "BienesTransp":"14101500",
            "Descripcion":"Materias primas",
            "Cantidad":"840",
            "ClaveUnidad":"KGM",
            "Unidad":"Kilogramo",
            "PesoEnKg":"840"
            
            
            
        },{
            "BienesTransp":"24112701",
            "Descripcion":"Pallets de madera",
            "Cantidad":"55",
            "ClaveUnidad":"XUN",
            "Unidad":"Unidad",
            "PesoEnKg":"1265"
            
            
            
        }]}
            }
        }]