[
        {
            
            "FolioGEPP":"31469",
            "FechaGeneracion":"2022-01-07T23:31:46",
            "UsoCFDI": "03-Gastos","DocumentosGEPP":{"DocsGEPP":["R9300005244_M"]}},{"CartaPorte":{
            "Version":"2.0",
            "TranspInternac":"No",
            "TotalDistRec":433,"Ubicaciones":{
            "Ubicacion":[
        {
            "TipoUbicacion":"Origen",
            "IDUbicacion":"OR408101"
            
            ,"RFCRemitenteDestinatario":"BPU7901018D4"
            ,"FechaHoraSalidaLlegada":"2022-01-07T23:41:46"
            ,"Domicilio":{
            "Estado":"VER","Pais":"MEX","CodigoPostal":"94277"}
        },{
            "TipoUbicacion":"Destino",
            "IDUbicacion":"DE107601"
            
            ,"RFCRemitenteDestinatario":"XAXX010101000","FechaHoraSalidaLlegada":"2022-01-08T14:07:12"
            ,"DistanciaRecorrida": 433
            ,"Domicilio":{
            "Estado":"MEX","Pais":"MEX","CodigoPostal":"54730"}
        }
            ]
        },"Mercancias":{
            "PesoBrutoTotal": "69.12",
            "UnidadPeso": "KGM",
            "PesoNetoTotal": "69.12",
            "NumTotalMercancias":1,
            "Mercancia":[{
            "BienesTransp":"14101500",
            "Descripcion":"Materias primas",
            "Cantidad":"108000",
            "ClaveUnidad":"XUN",
            "Unidad":"Unidad",
            "PesoEnKg":"69.12"
            
            
            
        }]}
            }
        }]