[
        {
            
            "FolioGEPP":"50706",
            "FechaGeneracion":"2022-01-20T17:18:34",
            "UsoCFDI": "03-Gastos","DocumentosGEPP":{"DocsGEPP":["S7900007498_M"]}},{"CartaPorte":{
            "Version":"2.0",
            "TranspInternac":"No",
            "TotalDistRec":141,"Ubicaciones":{
            "Ubicacion":[
        {
            "TipoUbicacion":"Origen",
            "IDUbicacion":"OR308901"
            
            ,"RFCRemitenteDestinatario":"BPU7901018D4"
            ,"FechaHoraSalidaLlegada":"2022-01-20T17:28:34"
            ,"Domicilio":{
            "Estado":"MIC","Pais":"MEX","CodigoPostal":"58190"}
        },{
            "TipoUbicacion":"Destino",
            "IDUbicacion":"DE310401"
            
            ,"RFCRemitenteDestinatario":"XAXX010101000","FechaHoraSalidaLlegada":"2022-01-20T22:10:48"
            ,"DistanciaRecorrida": 141
            ,"Domicilio":{
            "Estado":"GUA","Pais":"MEX","CodigoPostal":"38020"}
        }
            ]
        },"Mercancias":{
            "PesoBrutoTotal": "1771.459",
            "UnidadPeso": "KGM",
            "PesoNetoTotal": "1771.459",
            "NumTotalMercancias":1,
            "Mercancia":[{
            "BienesTransp":"14101500",
            "Descripcion":"Materias primas",
            "Cantidad":"87264",
            "ClaveUnidad":"XUN",
            "Unidad":"Unidad",
            "PesoEnKg":"1771.459"
            
            
            
        }]}
            }
        }]