[
        {
            
            "FolioGEPP":"43395",
            "FechaGeneracion":"2022-01-15T13:15:21",
            "UsoCFDI": "03-Gastos","DocumentosGEPP":{"DocsGEPP":["T3600001301_M"]}},{"CartaPorte":{
            "Version":"2.0",
            "TranspInternac":"No",
            "TotalDistRec":100,"Ubicaciones":{
            "Ubicacion":[
        {
            "TipoUbicacion":"Origen",
            "IDUbicacion":"OR105601"
            
            ,"RFCRemitenteDestinatario":"BPU7901018D4"
            ,"FechaHoraSalidaLlegada":"2022-01-15T13:25:21"
            ,"Domicilio":{
            "Estado":"MEX","Pais":"MEX","CodigoPostal":"54730"}
        },{
            "TipoUbicacion":"Destino",
            "IDUbicacion":"DE107601"
            
            ,"RFCRemitenteDestinatario":"XAXX010101000","FechaHoraSalidaLlegada":"2022-01-15T21:20:33"
            ,"DistanciaRecorrida": 100
            ,"Domicilio":{
            "Estado":"MEX","Pais":"MEX","CodigoPostal":"54730"}
        }
            ]
        },"Mercancias":{
            "PesoBrutoTotal": "439.2",
            "UnidadPeso": "KGM",
            "PesoNetoTotal": "439.2",
            "NumTotalMercancias":1,
            "Mercancia":[{
            "BienesTransp":"14101500",
            "Descripcion":"Materias primas",
            "Cantidad":"72000",
            "ClaveUnidad":"XUN",
            "Unidad":"Unidad",
            "PesoEnKg":"439.2"
            
            
            
        }]}
            }
        }]