[
        {
            
            "FolioGEPP":"49169",
            "FechaGeneracion":"2022-01-19T18:25:08",
            "UsoCFDI": "03-Gastos","DocumentosGEPP":{"DocsGEPP":["S7600006220_M"]}},{"CartaPorte":{
            "Version":"2.0",
            "TranspInternac":"No",
            "TotalDistRec":213,"Ubicaciones":{
            "Ubicacion":[
        {
            "TipoUbicacion":"Origen",
            "IDUbicacion":"OR310401"
            
            ,"RFCRemitenteDestinatario":"BPU7901018D4"
            ,"FechaHoraSalidaLlegada":"2022-01-19T18:35:08"
            ,"Domicilio":{
            "Estado":"GUA","Pais":"MEX","CodigoPostal":"38020"}
        },{
            "TipoUbicacion":"Destino",
            "IDUbicacion":"DE506701"
            
            ,"RFCRemitenteDestinatario":"XAXX010101000","FechaHoraSalidaLlegada":"2022-01-19T20:26:08"
            ,"DistanciaRecorrida": 213
            ,"Domicilio":{
            "Estado":"SLP","Pais":"MEX","CodigoPostal":"78395"}
        }
            ]
        },"Mercancias":{
            "PesoBrutoTotal": "8.55",
            "UnidadPeso": "KGM",
            "PesoNetoTotal": "8.55",
            "NumTotalMercancias":1,
            "Mercancia":[{
            "BienesTransp":"14101500",
            "Descripcion":"Materias primas",
            "Cantidad":"34200",
            "ClaveUnidad":"XUN",
            "Unidad":"Unidad",
            "PesoEnKg":"8.55"
            
            
            
        }]}
            }
        }]