[
        {
            
            "FolioGEPP":"26555",
            "FechaGeneracion":"2022-01-05T07:40:29",
            "UsoCFDI": "03-Gastos","DocumentosGEPP":{"DocsGEPP":["Q4300009763_M"]}},{"CartaPorte":{
            "Version":"2.0",
            "TranspInternac":"No",
            "TotalDistRec":126,"Ubicaciones":{
            "Ubicacion":[
        {
            "TipoUbicacion":"Origen",
            "IDUbicacion":"OR407001"
            
            ,"RFCRemitenteDestinatario":"BPU7901018D4"
            ,"FechaHoraSalidaLlegada":"2022-01-05T07:50:29"
            ,"Domicilio":{
            "Estado":"PUE","Pais":"MEX","CodigoPostal":"72904"}
        },{
            "TipoUbicacion":"Destino",
            "IDUbicacion":"DE107401"
            
            ,"RFCRemitenteDestinatario":"XAXX010101000","FechaHoraSalidaLlegada":"2022-01-05T12:02:29"
            ,"DistanciaRecorrida": 126
            ,"Domicilio":{
            "Estado":"DIF","Pais":"MEX","CodigoPostal":"08800"}
        }
            ]
        },"Mercancias":{
            "PesoBrutoTotal": "66.825",
            "UnidadPeso": "KGM",
            "PesoNetoTotal": "66.825",
            "NumTotalMercancias":1,
            "Mercancia":[{
            "BienesTransp":"14101500",
            "Descripcion":"Materias primas",
            "Cantidad":"89100",
            "ClaveUnidad":"XUN",
            "Unidad":"Unidad",
            "PesoEnKg":"66.825"
            
            
            
        }]}
            }
        }]