[
        {
            
            "FolioGEPP":"82307",
            "FechaGeneracion":"2022-02-14T13:25:27",
            "UsoCFDI": "03-Gastos","DocumentosGEPP":{"DocsGEPP":["64100090162_M"]},"UbicacionesGEPP":["DE:S79:PLANTA MORELIA BEPUSA","OR:641:PROPLASA BODEGA CENTRAL"]},{"CartaPorte":{
            "Version":"2.0",
            "TranspInternac":"No",
            "TotalDistRec":283,"Ubicaciones":{
            "Ubicacion":[
        {
            "TipoUbicacion":"Origen",
            "IDUbicacion":"OR021903"
            
            ,"RFCRemitenteDestinatario":"BPU7901018D4"
            ,"FechaHoraSalidaLlegada":"2022-02-14T13:35:27"
            ,"Domicilio":{
            "Estado":"MEX","Pais":"MEX","CodigoPostal":"54918"}
        },{
            "TipoUbicacion":"Destino",
            "IDUbicacion":"DE308901"
            
            ,"RFCRemitenteDestinatario":"XAXX010101000","FechaHoraSalidaLlegada":"2022-02-14T17:25:51"
            ,"DistanciaRecorrida": 283
            ,"Domicilio":{
            "Estado":"MIC","Pais":"MEX","CodigoPostal":"58190"}
        }
            ]
        },"Mercancias":{
            "PesoBrutoTotal": "17842.808",
            "UnidadPeso": "KGM",
            "PesoNetoTotal": "17842.808",
            "NumTotalMercancias":2,
            "Mercancia":[{
            "BienesTransp":"14101500",
            "Descripcion":"Materias primas",
            "Cantidad":"1758582",
            "ClaveUnidad":"XUN",
            "Unidad":"Unidad"
            ,"PesoEnKg":"16554.808"
            
            
            
            
        },{
            "BienesTransp":"24112701",
            "Descripcion":"Pallets de madera",
            "Cantidad":"56",
            "ClaveUnidad":"XUN",
            "Unidad":"Unidad"
            ,"PesoEnKg":"1288"
            
            
            
            
        }]}
            }
        }]