[
        {
            
            "FolioGEPP":"49693",
            "FechaGeneracion":"2022-01-20T02:36:09",
            "UsoCFDI": "03-Gastos","DocumentosGEPP":{"DocsGEPP":["R9300005379_M"]}},{"CartaPorte":{
            "Version":"2.0",
            "TranspInternac":"No",
            "TotalDistRec":447,"Ubicaciones":{
            "Ubicacion":[
        {
            "TipoUbicacion":"Origen",
            "IDUbicacion":"OR408101"
            
            ,"RFCRemitenteDestinatario":"BPU7901018D4"
            ,"FechaHoraSalidaLlegada":"2022-01-20T02:46:08"
            ,"Domicilio":{
            "Estado":"VER","Pais":"MEX","CodigoPostal":"94277"}
        },{
            "TipoUbicacion":"Destino",
            "IDUbicacion":"DE021902"
            
            ,"RFCRemitenteDestinatario":"XAXX010101000","FechaHoraSalidaLlegada":"2022-01-20T08:28:08"
            ,"DistanciaRecorrida": 447
            ,"Domicilio":{
            "Estado":"MEX","Pais":"MEX","CodigoPostal":"54918"}
        }
            ]
        },"Mercancias":{
            "PesoBrutoTotal": "4564.488",
            "UnidadPeso": "KGM",
            "PesoNetoTotal": "4564.488",
            "NumTotalMercancias":2,
            "Mercancia":[{
            "BienesTransp":"24112701",
            "Descripcion":"Pallets de madera",
            "Cantidad":"14",
            "ClaveUnidad":"XUN",
            "Unidad":"Unidad",
            "PesoEnKg":"322"
            
            
            
        },{
            "BienesTransp":"14101500",
            "Descripcion":"Materias primas",
            "Cantidad":"640",
            "ClaveUnidad":"XUN",
            "Unidad":"Unidad",
            "PesoEnKg":"4242.488"
            
            
            
        }]}
            }
        }]