[
        {
            
            "FolioGEPP":"81955",
            "FechaGeneracion":"2022-02-14T07:55:08",
            "UsoCFDI": "03-Gastos","DocumentosGEPP":{"DocsGEPP":["64100090153_M"]},"UbicacionesGEPP":["DE:S79:PLANTA MORELIA BEPUSA","OR:641:PROPLASA BODEGA CENTRAL"]},{"CartaPorte":{
            "Version":"2.0",
            "TranspInternac":"No",
            "TotalDistRec":283,"Ubicaciones":{
            "Ubicacion":[
        {
            "TipoUbicacion":"Origen",
            "IDUbicacion":"OR021903"
            
            ,"RFCRemitenteDestinatario":"BPU7901018D4"
            ,"FechaHoraSalidaLlegada":"2022-02-14T08:05:08"
            ,"Domicilio":{
            "Estado":"MEX","Pais":"MEX","CodigoPostal":"54918"}
        },{
            "TipoUbicacion":"Destino",
            "IDUbicacion":"DE308901"
            
            ,"RFCRemitenteDestinatario":"XAXX010101000","FechaHoraSalidaLlegada":"2022-02-14T11:55:32"
            ,"DistanciaRecorrida": 283
            ,"Domicilio":{
            "Estado":"MIC","Pais":"MEX","CodigoPostal":"58190"}
        }
            ]
        },"Mercancias":{
            "PesoBrutoTotal": "19161.154",
            "UnidadPeso": "KGM",
            "PesoNetoTotal": "19161.154",
            "NumTotalMercancias":3,
            "Mercancia":[{
            "BienesTransp":"24112701",
            "Descripcion":"Pallets de madera",
            "Cantidad":"56",
            "ClaveUnidad":"XUN",
            "Unidad":"Unidad"
            ,"PesoEnKg":"1288"
            
            
            
            
        },{
            "BienesTransp":"31141701",
            "Descripcion":"Moldeados plásticos por inyección de aire",
            "Cantidad":"279936",
            "ClaveUnidad":"XUN",
            "Unidad":"Unidad"
            ,"PesoEnKg":"10553.587"
            
            
            
            
        },{
            "BienesTransp":"14101500",
            "Descripcion":"Materias primas",
            "Cantidad":"157496",
            "ClaveUnidad":"XUN",
            "Unidad":"Unidad"
            ,"PesoEnKg":"7319.567"
            
            
            
            
        }]}
            }
        }]