[
        {
            
            "FolioGEPP":"32538",
            "FechaGeneracion":"2022-01-08T14:25:44",
            "UsoCFDI": "03-Gastos","DocumentosGEPP":{"DocsGEPP":["T2700027049_M"]}},{"CartaPorte":{
            "Version":"2.0",
            "TranspInternac":"No",
            "TotalDistRec":938,"Ubicaciones":{
            "Ubicacion":[
        {
            "TipoUbicacion":"Origen",
            "IDUbicacion":"OR507501"
            
            ,"RFCRemitenteDestinatario":"BPU7901018D4"
            ,"FechaHoraSalidaLlegada":"2022-01-08T14:35:44"
            ,"Domicilio":{
            "Estado":"NLE","Pais":"MEX","CodigoPostal":"66603"}
        },{
            "TipoUbicacion":"Destino",
            "IDUbicacion":"DE107401"
            
            ,"RFCRemitenteDestinatario":"XAXX010101000","FechaHoraSalidaLlegada":"2022-01-09T21:52:03"
            ,"DistanciaRecorrida": 938
            ,"Domicilio":{
            "Estado":"DIF","Pais":"MEX","CodigoPostal":"08800"}
        }
            ]
        },"Mercancias":{
            "PesoBrutoTotal": "118.125",
            "UnidadPeso": "KGM",
            "PesoNetoTotal": "118.125",
            "NumTotalMercancias":1,
            "Mercancia":[{
            "BienesTransp":"14101500",
            "Descripcion":"Materias primas",
            "Cantidad":"157500",
            "ClaveUnidad":"XUN",
            "Unidad":"Unidad",
            "PesoEnKg":"118.125"
            
            
            
        }]}
            }
        }]