[
        {
            
            "FolioGEPP":"68488",
            "FechaGeneracion":"2022-02-03T15:08:30",
            "UsoCFDI": "03-Gastos","DocumentosGEPP":{"DocsGEPP":["64500042480_M"]},"UbicacionesGEPP":["DE:S88:PLANTA URUAPAN BEPUSA","OR:645:BODEGA PROPLASA MAQUILA"]},{"CartaPorte":{
            "Version":"2.0",
            "TranspInternac":"No",
            "TotalDistRec":382,"Ubicaciones":{
            "Ubicacion":[
        {
            "TipoUbicacion":"Origen",
            "IDUbicacion":"OR021901"
            
            ,"RFCRemitenteDestinatario":"BPU7901018D4"
            ,"FechaHoraSalidaLlegada":"2022-02-03T15:18:29"
            ,"Domicilio":{
            "Estado":"QUE","Pais":"MEX","CodigoPostal":"76120"}
        },{
            "TipoUbicacion":"Destino",
            "IDUbicacion":"DE311501"
            
            ,"RFCRemitenteDestinatario":"XAXX010101000","FechaHoraSalidaLlegada":"2022-02-03T20:18:26"
            ,"DistanciaRecorrida": 382
            ,"Domicilio":{
            "Estado":"MIC","Pais":"MEX","CodigoPostal":"60170"}
        }
            ]
        },"Mercancias":{
            "PesoBrutoTotal": "18754.383",
            "UnidadPeso": "KGM",
            "PesoNetoTotal": "18754.383",
            "NumTotalMercancias":2,
            "Mercancia":[{
            "BienesTransp":"24112701",
            "Descripcion":"Pallets de madera",
            "Cantidad":"56",
            "ClaveUnidad":"XUN",
            "Unidad":"Unidad"
            ,"PesoEnKg":"1288"
            
            
            
            
        },{
            "BienesTransp":"14101500",
            "Descripcion":"Materias primas",
            "Cantidad":"935480",
            "ClaveUnidad":"XUN",
            "Unidad":"Unidad"
            ,"PesoEnKg":"17466.383"
            
            
            
            
        }]}
            }
        }]