[
        {
            
            "FolioGEPP":"69441",
            "FechaGeneracion":"2022-02-04T06:03:42",
            "UsoCFDI": "03-Gastos","DocumentosGEPP":{"DocsGEPP":["64100089973_M"]},"UbicacionesGEPP":["DE:S88:PLANTA URUAPAN BEPUSA","OR:641:PROPLASA BODEGA CENTRAL"]},{"CartaPorte":{
            "Version":"2.0",
            "TranspInternac":"No",
            "TotalDistRec":382,"Ubicaciones":{
            "Ubicacion":[
        {
            "TipoUbicacion":"Origen",
            "IDUbicacion":"OR021903"
            
            ,"RFCRemitenteDestinatario":"BPU7901018D4"
            ,"FechaHoraSalidaLlegada":"2022-02-04T06:13:42"
            ,"Domicilio":{
            "Estado":"MEX","Pais":"MEX","CodigoPostal":"54918"}
        },{
            "TipoUbicacion":"Destino",
            "IDUbicacion":"DE311501"
            
            ,"RFCRemitenteDestinatario":"XAXX010101000","FechaHoraSalidaLlegada":"2022-02-04T11:16:06"
            ,"DistanciaRecorrida": 382
            ,"Domicilio":{
            "Estado":"MIC","Pais":"MEX","CodigoPostal":"60170"}
        }
            ]
        },"Mercancias":{
            "PesoBrutoTotal": "17767.56",
            "UnidadPeso": "KGM",
            "PesoNetoTotal": "17767.56",
            "NumTotalMercancias":4,
            "Mercancia":[{
            "BienesTransp":"24112701",
            "Descripcion":"Pallets de madera",
            "Cantidad":"50",
            "ClaveUnidad":"XUN",
            "Unidad":"Unidad"
            ,"PesoEnKg":"1150"
            
            
            
            
        },{
            "BienesTransp":"14101500",
            "Descripcion":"Materias primas",
            "Cantidad":"381712",
            "ClaveUnidad":"XUN",
            "Unidad":"Unidad"
            ,"PesoEnKg":"1339.388"
            
            
            
            
        },{
            "BienesTransp":"14101500",
            "Descripcion":"Materias primas",
            "Cantidad":"3488.7",
            "ClaveUnidad":"KGM",
            "Unidad":"Kilogramo"
            ,"PesoEnKg":"3488.7"
            
            
            
            
        },{
            "BienesTransp":"31141701",
            "Descripcion":"Moldeados plásticos por inyección de aire",
            "Cantidad":"379200",
            "ClaveUnidad":"XUN",
            "Unidad":"Unidad"
            ,"PesoEnKg":"11789.472"
            
            
            
            
        }]}
            }
        }]