[
        {
            "OC":"298593",
            "FolioGEPP":"99067",
            "FechaGeneracion":"2022-02-26T09:37:19",
            "UsoCFDI": "03-Gastos","DocumentosGEPP":{"DocsGEPP":["T2300013454_M"]},"UbicacionesGEPP":["DE:S79:PLANTA MORELIA BEPUSA","OR:T23:PLANTA IZCALLI BEPUSA"]},{"CartaPorte":{
            "Version":"2.0",
            "TranspInternac":"No",
            "TotalDistRec":274,"Ubicaciones":{
            "Ubicacion":[
        {
            "TipoUbicacion":"Origen",
            "IDUbicacion":"OR107601"
            
            ,"RFCRemitenteDestinatario":"BPU7901018D4"
            ,"FechaHoraSalidaLlegada":"2022-02-26T09:47:19"
            ,"Domicilio":{
            "Estado":"MEX","Pais":"MEX","CodigoPostal":"54730"}
        },{
            "TipoUbicacion":"Destino",
            "IDUbicacion":"DE308901"
            
            ,"RFCRemitenteDestinatario":"XAXX010101000","FechaHoraSalidaLlegada":"2022-02-26T18:55:57"
            ,"DistanciaRecorrida": 274
            ,"Domicilio":{
            "Estado":"MIC","Pais":"MEX","CodigoPostal":"58190"}
        }
            ]
        },"Mercancias":{
            "PesoBrutoTotal": "651.882",
            "UnidadPeso": "KGM",
            "PesoNetoTotal": "651.882",
            "NumTotalMercancias":1,
            "Mercancia":[{
            "BienesTransp":"14101500",
            "Descripcion":"Materias primas",
            "Cantidad":"534818",
            "ClaveUnidad":"XUN",
            "Unidad":"Unidad"
            ,"PesoEnKg":"651.882"
            
            
            
            
        }]}
            }
        }]