[
        {
            
            "FolioGEPP":"59296",
            "FechaGeneracion":"2022-01-27T07:52:39",
            "UsoCFDI": "03-Gastos","DocumentosGEPP":{"DocsGEPP":["64100089751_M"]},"UbicacionesGEPP":["DE:S88:PLANTA URUAPAN BEPUSA","OR:641:PROPLASA BODEGA CENTRAL"]},{"CartaPorte":{
            "Version":"2.0",
            "TranspInternac":"No",
            "TotalDistRec":382,"Ubicaciones":{
            "Ubicacion":[
        {
            "TipoUbicacion":"Origen",
            "IDUbicacion":"OR021903"
            
            ,"RFCRemitenteDestinatario":"BPU7901018D4"
            ,"FechaHoraSalidaLlegada":"2022-01-27T08:02:39"
            ,"Domicilio":{
            "Estado":"MEX","Pais":"MEX","CodigoPostal":"54918"}
        },{
            "TipoUbicacion":"Destino",
            "IDUbicacion":"DE311501"
            
            ,"RFCRemitenteDestinatario":"XAXX010101000","FechaHoraSalidaLlegada":"2022-01-27T13:05:03"
            ,"DistanciaRecorrida": 382
            ,"Domicilio":{
            "Estado":"MIC","Pais":"MEX","CodigoPostal":"60170"}
        }
            ]
        },"Mercancias":{
            "PesoBrutoTotal": "14048.435",
            "UnidadPeso": "KGM",
            "PesoNetoTotal": "14048.435",
            "NumTotalMercancias":4,
            "Mercancia":[{
            "BienesTransp":"31141701",
            "Descripcion":"Moldeados plásticos por inyección de aire",
            "Cantidad":"278880",
            "ClaveUnidad":"XUN",
            "Unidad":"Unidad"
            ,"PesoEnKg":"8177.952"
            
            
            
            
        },{
            "BienesTransp":"14101500",
            "Descripcion":"Materias primas",
            "Cantidad":"1472392",
            "ClaveUnidad":"XUN",
            "Unidad":"Unidad"
            ,"PesoEnKg":"3908.483"
            
            
            
            
        },{
            "BienesTransp":"24112701",
            "Descripcion":"Pallets de madera",
            "Cantidad":"55",
            "ClaveUnidad":"XUN",
            "Unidad":"Unidad"
            ,"PesoEnKg":"1265"
            
            
            
            
        },{
            "BienesTransp":"14101500",
            "Descripcion":"Materias primas",
            "Cantidad":"697",
            "ClaveUnidad":"KGM",
            "Unidad":"Kilogramo"
            ,"PesoEnKg":"697"
            
            
            
            
        }]}
            }
        }]