[
        {
            
            "FolioGEPP":"26949",
            "FechaGeneracion":"2022-01-05T11:57:18",
            "UsoCFDI": "03-Gastos","DocumentosGEPP":{"DocsGEPP":["64100088990_M"]}},{"CartaPorte":{
            "Version":"2.0",
            "TranspInternac":"No",
            "TotalDistRec":283,"Ubicaciones":{
            "Ubicacion":[
        {
            "TipoUbicacion":"Origen",
            "IDUbicacion":"OR021903"
            
            ,"RFCRemitenteDestinatario":"BPU7901018D4"
            ,"FechaHoraSalidaLlegada":"2022-01-05T12:07:18"
            ,"Domicilio":{
            "Estado":"MEX","Pais":"MEX","CodigoPostal":"54918"}
        },{
            "TipoUbicacion":"Destino",
            "IDUbicacion":"DE308901"
            
            ,"RFCRemitenteDestinatario":"XAXX010101000","FechaHoraSalidaLlegada":"2022-01-05T15:57:42"
            ,"DistanciaRecorrida": 283
            ,"Domicilio":{
            "Estado":"MIC","Pais":"MEX","CodigoPostal":"58195"}
        }
            ]
        },"Mercancias":{
            "PesoBrutoTotal": "9631.073",
            "UnidadPeso": "KGM",
            "PesoNetoTotal": "9631.073",
            "NumTotalMercancias":2,
            "Mercancia":[{
            "BienesTransp":"14101500",
            "Descripcion":"Materias primas",
            "Cantidad":"2323300",
            "ClaveUnidad":"XUN",
            "Unidad":"Unidad",
            "PesoEnKg":"8343.073"
            
            
            
        },{
            "BienesTransp":"24112701",
            "Descripcion":"Pallets de madera",
            "Cantidad":"56",
            "ClaveUnidad":"XUN",
            "Unidad":"Unidad",
            "PesoEnKg":"1288"
            
            
            
        }]}
            }
        }]