[
        {
            
            "FolioGEPP":"84938",
            "FechaGeneracion":"2022-02-16T09:03:08",
            "UsoCFDI": "03-Gastos","DocumentosGEPP":{"DocsGEPP":["S7900007765_M"]},"UbicacionesGEPP":["DE:Z91:BODEGA PROPLASA BEPUSA","OR:S79:PLANTA MORELIA BEPUSA"]},{"CartaPorte":{
            "Version":"2.0",
            "TranspInternac":"No",
            "TotalDistRec":283,"Ubicaciones":{
            "Ubicacion":[
        {
            "TipoUbicacion":"Origen",
            "IDUbicacion":"OR308901"
            
            ,"RFCRemitenteDestinatario":"BPU7901018D4"
            ,"FechaHoraSalidaLlegada":"2022-02-16T09:13:07"
            ,"Domicilio":{
            "Estado":"MIC","Pais":"MEX","CodigoPostal":"58190"}
        },{
            "TipoUbicacion":"Destino",
            "IDUbicacion":"DE021902"
            
            ,"RFCRemitenteDestinatario":"XAXX010101000","FechaHoraSalidaLlegada":"2022-02-16T13:00:04"
            ,"DistanciaRecorrida": 283
            ,"Domicilio":{
            "Estado":"MEX","Pais":"MEX","CodigoPostal":"54918"}
        }
            ]
        },"Mercancias":{
            "PesoBrutoTotal": "4630.925",
            "UnidadPeso": "KGM",
            "PesoNetoTotal": "4630.925",
            "NumTotalMercancias":1,
            "Mercancia":[{
            "BienesTransp":"14101500",
            "Descripcion":"Materias primas",
            "Cantidad":"1090",
            "ClaveUnidad":"XUN",
            "Unidad":"Unidad"
            ,"PesoEnKg":"4630.925"
            
            
            
            
        }]}
            }
        }]