[
        {
            
            "FolioGEPP":"1275",
            
            "FechaGeneracion":"2022-01-03T20:05:57",
            "UsoCFDI": "03-Gastos"
        },{,"T2100005923M"]}"CartaPorte":{
            "Version":"2.0",
            "TranspInternac":"No",
            "TotalDistRec":20,"Ubicaciones":{
            "Ubicacion":[
        {
            "TipoUbicacion":"Origen",
            "IDUbicacion":"OR107401"
            
            ,"RFCRemitenteDestinatario":"URE180429TM6"
            ,"FechaHoraSalidaLlegada":"2022-01-03T20:15:32"
            ,"Domicilio":{
            "Estado":"DIF","Pais":"MEX","CodigoPostal":"08800"}
        },{
            "TipoUbicacion":"Destino",
            "IDUbicacion":"DE105202"
            
            ,"RFCRemitenteDestinatario":"XAXX010101000","FechaHoraSalidaLlegada":"2022-01-03T20:55:51"
            ,"DistanciaRecorrida": 20
            ,"Domicilio":{
            "Estado":"MEX","Pais":"MEX","CodigoPostal":"55430"}
        }
            ]
        },"Mercancias":{
            "PesoBrutoTotal": "1744.2",
            "UnidadPeso": "KGM",
            "PesoNetoTotal": "1744.2",
            "NumTotalMercancias":2,
            "Mercancia":[{
            "BienesTransp":"50202306",
            "Descripcion":"Refrescos",
            "Cantidad":"640",
            "ClaveUnidad":"XBX",
            "Unidad":"Caja",
            "PesoEnKg":"1719.2"
            
            
            
        },{
            "BienesTransp":"24112701",
            "Descripcion":"Pallets de madera",
            "Cantidad":"1",
            "ClaveUnidad":"XUN",
            "Unidad":"Unidad",
            "PesoEnKg":"25"
            
            
            
        }]}
            }
        }]