[
        {
            
            "FolioGEPP":"1276",
            
            "FechaGeneracion":"2022-01-03T20:27:48",
            "UsoCFDI": "03-Gastos"
        },"T2100005925M"]},{"CartaPorte":{
            "Version":"2.0",
            "TranspInternac":"No",
            "TotalDistRec":20,"Ubicaciones":{
            "Ubicacion":[
        {
            "TipoUbicacion":"Origen",
            "IDUbicacion":"OR107401"
            
            ,"RFCRemitenteDestinatario":"URE180429TM6"
            ,"FechaHoraSalidaLlegada":"2022-01-03T20:37:47"
            ,"Domicilio":{
            "Estado":"DIF","Pais":"MEX","CodigoPostal":"08800"}
        },{
            "TipoUbicacion":"Destino",
            "IDUbicacion":"DE105202"
            
            ,"RFCRemitenteDestinatario":"XAXX010101000","FechaHoraSalidaLlegada":"2022-01-03T21:18:06"
            ,"DistanciaRecorrida": 20
            ,"Domicilio":{
            "Estado":"MEX","Pais":"MEX","CodigoPostal":"55430"}
        }
            ]
        },"Mercancias":{
            "PesoBrutoTotal": "1884.36",
            "UnidadPeso": "KGM",
            "PesoNetoTotal": "1884.36",
            "NumTotalMercancias":2,
            "Mercancia":[{
            "BienesTransp":"50202306",
            "Descripcion":"Refrescos",
            "Cantidad":"576",
            "ClaveUnidad":"XBX",
            "Unidad":"Caja",
            "PesoEnKg":"1859.36"
            
            
            
        },{
            "BienesTransp":"24112701",
            "Descripcion":"Pallets de madera",
            "Cantidad":"1",
            "ClaveUnidad":"XUN",
            "Unidad":"Unidad",
            "PesoEnKg":"25"
            
            
            
        }]}
            }
        }]