[
        {
            
            "FolioGEPP":"1282",
            
            "FechaGeneracion":"2022-01-03T22:33:23",
            "UsoCFDI": "03-Gastos","DocumentosGEPP":{"DocsGEPP":["96289"]}},{"CartaPorte":{
            "Version":"2.0",
            "TranspInternac":"No",
            "TotalDistRec":150,"Ubicaciones":{
            "Ubicacion":[
        {
            "TipoUbicacion":"Origen",
            "IDUbicacion":"OR107603"
            
            ,"RFCRemitenteDestinatario":"URE180429TM6"
            ,"FechaHoraSalidaLlegada":"2022-01-03T22:42:49"
            ,"Domicilio":{
            "Estado":"MEX","Pais":"MEX","CodigoPostal":"54730"}
        },{
            "TipoUbicacion":"Destino",
            "IDUbicacion":"DE000025"
            
            ,"RFCRemitenteDestinatario":"XAXX010101000","FechaHoraSalidaLlegada":"2022-01-04T22:42:49"
            ,"DistanciaRecorrida": 150
            ,"Domicilio":{
            "Estado":"CHH","Pais":"MEX","CodigoPostal":"31126"}
        }
            ]
        },"Mercancias":{
            "PesoBrutoTotal": "6957.72",
            "UnidadPeso": "KGM",
            "PesoNetoTotal": "6957.72",
            "NumTotalMercancias":2,
            "Mercancia":[{
            "BienesTransp":"50202301",
            "Descripcion":"Agua",
            "Cantidad":"468",
            "ClaveUnidad":"XBX",
            "Unidad":"Caja",
            "PesoEnKg":"6792.72"
            
            
            
        },{
            "BienesTransp":"24112701",
            "Descripcion":"Pallets de madera",
            "Cantidad":"5",
            "ClaveUnidad":"XUN",
            "Unidad":"Unidad",
            "PesoEnKg":"165"
            
            
            
        }]}
            }
        }]