[
        {
            
            "FolioGEPP":"1324",
            
            "FechaGeneracion":"2022-01-05T17:47:07",
            "UsoCFDI": "03-Gastos","DocumentosGEPP":{"DocsGEPP":["T2100005954M"]},"UbicacionesGEPP":["DE:Q01:CEDIS JARDINES BEPUSA","OR:T21:PLANTA IZTACALCO BEPUSA"]},{"CartaPorte":{
            "Version":"2.0",
            "TranspInternac":"No",
            "TotalDistRec":20,"Ubicaciones":{
            "Ubicacion":[
        {
            "TipoUbicacion":"Origen",
            "IDUbicacion":"OR107401"
            
            ,"RFCRemitenteDestinatario":"URE180429TM6"
            ,"FechaHoraSalidaLlegada":"2022-01-05T17:57:07"
            ,"Domicilio":{
            "Estado":"DIF","Pais":"MEX","CodigoPostal":"08800"}
        },{
            "TipoUbicacion":"Destino",
            "IDUbicacion":"DE105202"
            
            ,"RFCRemitenteDestinatario":"XAXX010101000","FechaHoraSalidaLlegada":"2022-01-05T18:37:26"
            ,"DistanciaRecorrida": 20
            ,"Domicilio":{
            "Estado":"MEX","Pais":"MEX","CodigoPostal":"55430"}
        }
            ]
        },"Mercancias":{
            "PesoBrutoTotal": "945.8",
            "UnidadPeso": "KGM",
            "PesoNetoTotal": "945.8",
            "NumTotalMercancias":2,
            "Mercancia":[{
            "BienesTransp":"24112701",
            "Descripcion":"Pallets de madera",
            "Cantidad":"1",
            "ClaveUnidad":"XUN",
            "Unidad":"Unidad",
            "PesoEnKg":"23"
            
            
            
        },{
            "BienesTransp":"50202306",
            "Descripcion":"Refrescos",
            "Cantidad":"120",
            "ClaveUnidad":"XBX",
            "Unidad":"Caja",
            "PesoEnKg":"922.8"
            
            
            
        }]}
            }
        }]