[
        {
            
            "FolioGEPP":"1283",
            
            "FechaGeneracion":"2022-01-03T22:36:29",
            "UsoCFDI": "03-Gastos","DocumentosGEPP":{"DocsGEPP":["T2100005936M"]}},{"CartaPorte":{
            "Version":"2.0",
            "TranspInternac":"No",
            "TotalDistRec":20,"Ubicaciones":{
            "Ubicacion":[
        {
            "TipoUbicacion":"Origen",
            "IDUbicacion":"OR107401"
            
            ,"RFCRemitenteDestinatario":"URE180429TM6"
            ,"FechaHoraSalidaLlegada":"2022-01-03T22:46:10"
            ,"Domicilio":{
            "Estado":"DIF","Pais":"MEX","CodigoPostal":"08800"}
        },{
            "TipoUbicacion":"Destino",
            "IDUbicacion":"DE105202"
            
            ,"RFCRemitenteDestinatario":"XAXX010101000","FechaHoraSalidaLlegada":"2022-01-03T23:26:29"
            ,"DistanciaRecorrida": 20
            ,"Domicilio":{
            "Estado":"MEX","Pais":"MEX","CodigoPostal":"55430"}
        }
            ]
        },"Mercancias":{
            "PesoBrutoTotal": "3783.2",
            "UnidadPeso": "KGM",
            "PesoNetoTotal": "3783.2",
            "NumTotalMercancias":2,
            "Mercancia":[{
            "BienesTransp":"24112701",
            "Descripcion":"Pallets de madera",
            "Cantidad":"4",
            "ClaveUnidad":"XUN",
            "Unidad":"Unidad",
            "PesoEnKg":"92"
            
            
            
        },{
            "BienesTransp":"50202306",
            "Descripcion":"Refrescos",
            "Cantidad":"480",
            "ClaveUnidad":"XBX",
            "Unidad":"Caja",
            "PesoEnKg":"3691.2"
            
            
            
        }]}
            }
        }]