[
        {
            
            "FolioGEPP":"1299",
            
            "FechaGeneracion":"2022-01-04T17:10:50",
            "UsoCFDI": "03-Gastos","DocumentosGEPP":{"DocsGEPP":["T2100005945M","T2100005946M"]},"UbicacionesGEPP":["OR:T21:PLANTA IZTACALCO BEPUSA","DE:Q01:CEDIS JARDINES BEPUSA"]},{"CartaPorte":{
            "Version":"2.0",
            "TranspInternac":"No",
            "TotalDistRec":20,"Ubicaciones":{
            "Ubicacion":[
        {
            "TipoUbicacion":"Origen",
            "IDUbicacion":"OR107401"
            
            ,"RFCRemitenteDestinatario":"URE180429TM6"
            ,"FechaHoraSalidaLlegada":"2022-01-04T17:20:50"
            ,"Domicilio":{
            "Estado":"DIF","Pais":"MEX","CodigoPostal":"08800"}
        },{
            "TipoUbicacion":"Destino",
            "IDUbicacion":"DE105202"
            
            ,"RFCRemitenteDestinatario":"XAXX010101000","FechaHoraSalidaLlegada":"2022-01-04T18:01:09"
            ,"DistanciaRecorrida": 20
            ,"Domicilio":{
            "Estado":"MEX","Pais":"MEX","CodigoPostal":"55430"}
        }
            ]
        },"Mercancias":{
            "PesoBrutoTotal": "1753.8",
            "UnidadPeso": "KGM",
            "PesoNetoTotal": "1753.8",
            "NumTotalMercancias":2,
            "Mercancia":[{
            "BienesTransp":"50202306",
            "Descripcion":"Refrescos",
            "Cantidad":"640",
            "ClaveUnidad":"XBX",
            "Unidad":"Caja",
            "PesoEnKg":"1728.8"
            
            
            
        },{
            "BienesTransp":"24112701",
            "Descripcion":"Pallets de madera",
            "Cantidad":"1",
            "ClaveUnidad":"XUN",
            "Unidad":"Unidad",
            "PesoEnKg":"25"
            
            
            
        }]}
            }
        }]