[
        {
            
            "FolioGEPP":"1419",
            
            "FechaGeneracion":"2022-01-13T11:09:57",
            "UsoCFDI": "03-Gastos","DocumentosGEPP":{"DocsGEPP":["96309"]},"UbicacionesGEPP":["OR:T27:PLANTA APODACA BEPUSA"]},{"CartaPorte":{
            "Version":"2.0",
            "TranspInternac":"No",
            "TotalDistRec":24,"Ubicaciones":{
            "Ubicacion":[
        {
            "TipoUbicacion":"Origen",
            "IDUbicacion":"OR507501"
            
            ,"RFCRemitenteDestinatario":"URE180429TM6"
            ,"FechaHoraSalidaLlegada":"2022-01-13T11:19:48"
            ,"Domicilio":{
            "Estado":"NLE","Pais":"MEX","CodigoPostal":"66603"}
        },{
            "TipoUbicacion":"Destino",
            "IDUbicacion":"DE000001"
            
            ,"RFCRemitenteDestinatario":"XAXX010101000","FechaHoraSalidaLlegada":"2022-01-13T13:43:48"
            ,"DistanciaRecorrida": 24
            ,"Domicilio":{
            "Estado":"NLE","Pais":"MEX","CodigoPostal":"66059"}
        }
            ]
        },"Mercancias":{
            "PesoBrutoTotal": "1636.5",
            "UnidadPeso": "KGM",
            "PesoNetoTotal": "1636.5",
            "NumTotalMercancias":1,
            "Mercancia":[{
            "BienesTransp":"50202300",
            "Descripcion":"Bebidas no alcohólicas",
            "Cantidad":"200",
            "ClaveUnidad":"XBX",
            "Unidad":"Caja"
            ,"PesoEnKg":"1636.5"
            
            
            
            
        }]}
            }
        }]