[
        {
            
            "FolioGEPP":"1258",
            
            "FechaGeneracion":"2021-12-31T14:24:48",
            "UsoCFDI": "03-Gastos"
        },{"CartaPorte":{
            "Version":"2.0",
            "TranspInternac":"No",
            "TotalDistRec":100,"Ubicaciones":{
            "Ubicacion":[
        {
            "TipoUbicacion":"Origen",
            "IDUbicacion":"OR021901"
            
            ,"RFCRemitenteDestinatario":"URE180429TM6"
            ,"FechaHoraSalidaLlegada":"2021-12-31T14:34:48"
            ,"Domicilio":{
            "Estado":"VER","Pais":"MEX","CodigoPostal":"91130"}
        },{
            "TipoUbicacion":"Destino",
            "IDUbicacion":"DE208101"
            
            ,"RFCRemitenteDestinatario":"XAXX010101000","FechaHoraSalidaLlegada":"2021-12-31T22:30:00"
            ,"DistanciaRecorrida": 100
            ,"Domicilio":{
            "Estado":"OAX","Pais":"MEX","CodigoPostal":"68039"}
        }
            ]
        },"Mercancias":{
            "PesoBrutoTotal": "2859.36",
            "UnidadPeso": "KGM",
            "PesoNetoTotal": "2859.36",
            "NumTotalMercancias":1,
            "Mercancia":[{
            "BienesTransp":"24122000",
            "Descripcion":"Botellas",
            "Cantidad":"3864",
            "ClaveUnidad":"XUN",
            "Unidad":"Unidad",
            "PesoEnKg":"2859.36"
            
            
            
        }]}
            }
        }]