[
        {
            
            "FolioGEPP":"1284",
            
            "FechaGeneracion":"2022-01-03T22:37:25",
            "UsoCFDI": "03-Gastos","DocumentosGEPP":{"DocsGEPP":["T2100005937M","T2100005938M","T2100005939M"]}},{"CartaPorte":{
            "Version":"2.0",
            "TranspInternac":"No",
            "TotalDistRec":20,"Ubicaciones":{
            "Ubicacion":[
        {
            "TipoUbicacion":"Origen",
            "IDUbicacion":"OR107401"
            
            ,"RFCRemitenteDestinatario":"URE180429TM6"
            ,"FechaHoraSalidaLlegada":"2022-01-03T22:47:23"
            ,"Domicilio":{
            "Estado":"DIF","Pais":"MEX","CodigoPostal":"08800"}
        },{
            "TipoUbicacion":"Destino",
            "IDUbicacion":"DE105202"
            
            ,"RFCRemitenteDestinatario":"XAXX010101000","FechaHoraSalidaLlegada":"2022-01-03T23:27:42"
            ,"DistanciaRecorrida": 20
            ,"Domicilio":{
            "Estado":"MEX","Pais":"MEX","CodigoPostal":"55430"}
        }
            ]
        },"Mercancias":{
            "PesoBrutoTotal": "22549.6",
            "UnidadPeso": "KGM",
            "PesoNetoTotal": "22549.6",
            "NumTotalMercancias":2,
            "Mercancia":[{
            "BienesTransp":"24112701",
            "Descripcion":"Pallets de madera",
            "Cantidad":"32",
            "ClaveUnidad":"XUN",
            "Unidad":"Unidad",
            "PesoEnKg":"736"
            
            
            
        },{
            "BienesTransp":"50202306",
            "Descripcion":"Refrescos",
            "Cantidad":"1200",
            "ClaveUnidad":"XBX",
            "Unidad":"Caja",
            "PesoEnKg":"21813.6"
            
            
            
        }]}
            }
        }]