[
        {
            
            "FolioGEPP":"38258",
            "FechaGeneracion":"2022-01-12T15:31:18",
            "UsoCFDI": "03-Gastos","DocumentosGEPP":{"DocsGEPP":["Q8700003617_M"]}},{"CartaPorte":{
            "Version":"2.0",
            "TranspInternac":"No",
            "TotalDistRec":100,"Ubicaciones":{
            "Ubicacion":[
        {
            "TipoUbicacion":"Origen",
            "IDUbicacion":"OR506701"
            
            ,"RFCRemitenteDestinatario":"BPU7901018D4"
            ,"FechaHoraSalidaLlegada":"2022-01-12T15:41:18"
            ,"Domicilio":{
            "Estado":"SLP","Pais":"MEX","CodigoPostal":"78395"}
        },{
            "TipoUbicacion":"Destino",
            "IDUbicacion":"DE408101"
            
            ,"RFCRemitenteDestinatario":"XAXX010101000","FechaHoraSalidaLlegada":"2022-01-12T23:36:30"
            ,"DistanciaRecorrida": 100
            ,"Domicilio":{
            "Estado":"VER","Pais":"MEX","CodigoPostal":"94277"}
        }
            ]
        },"Mercancias":{
            "PesoBrutoTotal": "129.497",
            "UnidadPeso": "KGM",
            "PesoNetoTotal": "129.497",
            "NumTotalMercancias":1,
            "Mercancia":[{
            "BienesTransp":"14101500",
            "Descripcion":"Materias primas",
            "Cantidad":"616650",
            "ClaveUnidad":"XUN",
            "Unidad":"Unidad",
            "PesoEnKg":"129.497"
            
            
            
        }]}
            }
        }]