[
        {
            
            "FolioGEPP":"52063",
            "FechaGeneracion":"2022-01-21T13:36:38",
            "UsoCFDI": "03-Gastos","DocumentosGEPP":{"DocsGEPP":["S7900007514_M"]}},{"CartaPorte":{
            "Version":"2.0",
            "TranspInternac":"No",
            "TotalDistRec":15,"Ubicaciones":{
            "Ubicacion":[
        {
            "TipoUbicacion":"Origen",
            "IDUbicacion":"OR308901"
            
            ,"RFCRemitenteDestinatario":"BPU7901018D4"
            ,"FechaHoraSalidaLlegada":"2022-01-21T13:46:38"
            ,"Domicilio":{
            "Estado":"MIC","Pais":"MEX","CodigoPostal":"58190"}
        },{
            "TipoUbicacion":"Destino",
            "IDUbicacion":"DE309002"
            
            ,"RFCRemitenteDestinatario":"XAXX010101000","FechaHoraSalidaLlegada":"2022-01-21T14:16:52"
            ,"DistanciaRecorrida": 15
            ,"Domicilio":{
            "Estado":"MIC","Pais":"MEX","CodigoPostal":"58200"}
        }
            ]
        },"Mercancias":{
            "PesoBrutoTotal": "370",
            "UnidadPeso": "KGM",
            "PesoNetoTotal": "370",
            "NumTotalMercancias":1,
            "Mercancia":[{
            "BienesTransp":"14101500",
            "Descripcion":"Materias primas",
            "Cantidad":"370",
            "ClaveUnidad":"KGM",
            "Unidad":"Kilogramo",
            "PesoEnKg":"370"
            
            
            
        }]}
            }
        }]